path,old_code,new_code,action,split,doc_split
ThaiCharacter Dataset/round2/162/bc_009sg_1_25.jpg,162,170.0,move,train,train
ThaiCharacter Dataset/round2/162/bl_008sg_3_334.jpg,162,171.0,move,val,train
ThaiCharacter Dataset/round2/170/bl_011sg_3_7.jpg,170,171.0,move,train,train
ThaiCharacter Dataset/round2/180/be_002sg_9_226.jpg,180,181.0,move,train,train
ThaiCharacter Dataset/round2/180/be_003sg_9_177.jpg,180,181.0,move,train,val
ThaiCharacter Dataset/round2/180/be_007sg_4_191.jpg,180,181.0,move,train,train
ThaiCharacter Dataset/round2/180/be_007sg_7_311.jpg,180,181.0,move,train,train
ThaiCharacter Dataset/round2/180/be_007tg_3_127.jpg,180,181.0,move,train,train
ThaiCharacter Dataset/round2/180/be_007tg_4_278.jpg,180,181.0,move,val,train
ThaiCharacter Dataset/round2/180/be_007tg_6_190.jpg,180,181.0,move,train,train
ThaiCharacter Dataset/round2/180/be_007tg_6_192.jpg,180,181.0,move,train,train
ThaiCharacter Dataset/round2/180/be_007tg_6_347.jpg,180,181.0,move,train,train
ThaiCharacter Dataset/round2/180/be_008tg_5_130.jpg,180,181.0,move,train,train
ThaiCharacter Dataset/round2/180/be_018sg_3_129.jpg,180,181.0,move,train,train
ThaiCharacter Dataset/round2/180/be_018sg_3_28.jpg,180,181.0,move,val,train
ThaiCharacter Dataset/round2/181/bc_011sg_6_125.jpg,181,164.0,move,val,train
ThaiCharacter Dataset/round2/181/bc_017sg_5_130.jpg,181,180.0,move,train,train
ThaiCharacter Dataset/round2/181/be_002sg_7_156.jpg,181,180.0,move,train,train
ThaiCharacter Dataset/round2/181/be_002sg_9_37.jpg,181,180.0,move,train,train
ThaiCharacter Dataset/round2/181/be_006sg_1_62.jpg,181,180.0,move,train,train
ThaiCharacter Dataset/round2/181/be_007sg_5_18.jpg,181,180.0,move,train,train
ThaiCharacter Dataset/round2/181/be_007sg_7_34.jpg,181,180.0,move,train,train
ThaiCharacter Dataset/round2/181/be_011sg_1_42.jpg,181,180.0,move,train,train
ThaiCharacter Dataset/round2/181/be_011sg_2_330.jpg,181,180.0,move,train,train
ThaiCharacter Dataset/round2/181/be_012sg_4_229.jpg,181,180.0,move,val,train
ThaiCharacter Dataset/round2/181/be_013tg_3_23.jpg,181,180.0,move,train,train
ThaiCharacter Dataset/round2/181/be_014sg_2_483.jpg,181,180.0,move,train,val
ThaiCharacter Dataset/round2/181/be_014sg_3_48.jpg,181,180.0,move,train,val
ThaiCharacter Dataset/round2/181/be_015sg_1_106.jpg,181,180.0,move,val,train
ThaiCharacter Dataset/round2/181/be_015sg_2_152.jpg,181,180.0,move,train,train
ThaiCharacter Dataset/round2/181/be_015sg_2_173.jpg,181,180.0,move,train,train
ThaiCharacter Dataset/round2/181/be_018sg_6_2.jpg,181,180.0,move,train,train
ThaiCharacter Dataset/round2/181/be_018sg_8_13.jpg,181,180.0,move,train,train
ThaiCharacter Dataset/round2/181/bl_007tg_8_394.jpg,181,164.0,move,train,train
ThaiCharacter Dataset/round2/181/bl_009sg_3_118.jpg,181,164.0,move,train,train
ThaiCharacter Dataset/round2/181/bl_011sg_4_338.jpg,181,164.0,move,train,train
ThaiCharacter Dataset/round2/181/bl_011tg_4_198.jpg,181,164.0,move,val,train
ThaiCharacter Dataset/round2/181/bl_011tg_4_298.jpg,181,164.0,move,train,train
ThaiCharacter Dataset/round2/186/be_013sg_1_358.jpg,186,185.0,move,train,train
ThaiCharacter Dataset/round2/187/bc_004tg_3_442.jpg,187,170.0,move,train,train
ThaiCharacter Dataset/round2/199/be_011sg_1_127.jpg,199,209.0,move,train,train
ThaiCharacter Dataset/round2/199/bl_005sg_11_9.jpg,199,240.0,move,train,train
ThaiCharacter Dataset/round2/210/bc_004sg_3_106.jpg,210,168.0,move,train,train
ThaiCharacter Dataset/round2/210/bc_004sg_3_25.jpg,210,230.0,move,val,train
ThaiCharacter Dataset/round2/210/bc_005sg_8_17.jpg,210,168.0,move,val,train
ThaiCharacter Dataset/round2/210/bc_007sg_5_153.jpg,210,168.0,move,train,train
ThaiCharacter Dataset/round2/210/bc_007sg_6_155.jpg,210,230.0,move,val,train
ThaiCharacter Dataset/round2/210/bc_008sg_1_113.jpg,210,195.0,move,train,train
ThaiCharacter Dataset/round2/210/bc_009sg_2_246.jpg,210,168.0,move,train,train
ThaiCharacter Dataset/round2/210/bc_018sg_4_169.jpg,210,168.0,move,train,train
ThaiCharacter Dataset/round2/210/bc_019sg_6_65.jpg,210,195.0,move,train,train
ThaiCharacter Dataset/round2/210/bc_019tg_8_119.jpg,210,199.0,move,train,train
ThaiCharacter Dataset/round2/210/bc_020sg_7_50.jpg,210,195.0,move,train,val
ThaiCharacter Dataset/round2/210/bc_020tg_2_21.jpg,210,216.0,move,train,val
ThaiCharacter Dataset/round2/210/bc_020tg_3_117.jpg,210,168.0,move,train,val
ThaiCharacter Dataset/round2/210/bc_020tg_3_363.jpg,210,227.0,move,train,val
ThaiCharacter Dataset/round2/210/bc_020tg_3_48.jpg,210,180.0,move,val,val
ThaiCharacter Dataset/round2/210/bc_020tg_3_6.jpg,210,212.0,move,train,val
ThaiCharacter Dataset/round2/210/bc_020tg_4_214.jpg,210,212.0,move,train,val
ThaiCharacter Dataset/round2/210/bc_020tg_4_245.jpg,210,230.0,move,train,val
ThaiCharacter Dataset/round2/210/be_002sg_5_100.jpg,210,227.0,move,train,train
ThaiCharacter Dataset/round2/210/be_002sg_5_5.jpg,210,227.0,move,train,train
ThaiCharacter Dataset/round2/210/be_002sg_6_201.jpg,210,199.0,move,train,train
ThaiCharacter Dataset/round2/210/be_002sg_6_260.jpg,210,227.0,move,train,train
ThaiCharacter Dataset/round2/210/be_002sg_7_125.jpg,210,227.0,move,train,train
ThaiCharacter Dataset/round2/210/be_002sg_7_213.jpg,210,227.0,move,train,train
ThaiCharacter Dataset/round2/210/be_002sg_7_9.jpg,210,227.0,move,train,train
ThaiCharacter Dataset/round2/210/be_002sg_9_204.jpg,210,227.0,move,train,train
ThaiCharacter Dataset/round2/210/be_002sg_9_71.jpg,210,227.0,move,train,train
ThaiCharacter Dataset/round2/210/be_002tg_10_78.jpg,210,228.0,move,train,train
ThaiCharacter Dataset/round2/210/be_002tg_7_344.jpg,210,195.0,move,train,train
ThaiCharacter Dataset/round2/210/be_002tg_9_171.jpg,210,227.0,move,train,train
ThaiCharacter Dataset/round2/210/be_003sg_4_118.jpg,210,227.0,move,train,val
ThaiCharacter Dataset/round2/210/be_003sg_4_440.jpg,210,227.0,move,val,val
ThaiCharacter Dataset/round2/210/be_003sg_4_443.jpg,210,227.0,move,train,val
ThaiCharacter Dataset/round2/210/be_003sg_4_75.jpg,210,227.0,move,val,val
ThaiCharacter Dataset/round2/210/be_003sg_6_21.jpg,210,227.0,move,val,val
ThaiCharacter Dataset/round2/210/be_003sg_6_29.jpg,210,227.0,move,val,val
ThaiCharacter Dataset/round2/210/be_003sg_7_125.jpg,210,227.0,move,train,val
ThaiCharacter Dataset/round2/210/be_003sg_7_24.jpg,210,227.0,move,train,val
ThaiCharacter Dataset/round2/210/be_003sg_7_77.jpg,210,227.0,move,train,val
ThaiCharacter Dataset/round2/210/be_003sg_9_135.jpg,210,227.0,move,train,val
ThaiCharacter Dataset/round2/210/be_003sg_9_166.jpg,210,227.0,move,val,val
ThaiCharacter Dataset/round2/210/be_003sg_9_25.jpg,210,227.0,move,train,val
ThaiCharacter Dataset/round2/210/be_003tg_2_111.jpg,210,199.0,move,train,val
ThaiCharacter Dataset/round2/210/be_003tg_2_128.jpg,210,199.0,move,train,val
ThaiCharacter Dataset/round2/210/be_003tg_2_14.jpg,210,199.0,move,train,val
ThaiCharacter Dataset/round2/210/be_003tg_2_32.jpg,210,199.0,move,train,val
ThaiCharacter Dataset/round2/210/be_003tg_4_127.jpg,210,199.0,move,train,val
ThaiCharacter Dataset/round2/210/be_003tg_4_169.jpg,210,199.0,move,train,val
ThaiCharacter Dataset/round2/210/be_003tg_4_188.jpg,210,199.0,move,train,val
ThaiCharacter Dataset/round2/210/be_003tg_4_248.jpg,210,199.0,move,train,val
ThaiCharacter Dataset/round2/210/be_003tg_4_3.jpg,210,199.0,move,train,val
ThaiCharacter Dataset/round2/210/be_003tg_4_370.jpg,210,199.0,move,train,val
ThaiCharacter Dataset/round2/210/be_003tg_4_394.jpg,210,199.0,move,train,val
ThaiCharacter Dataset/round2/210/be_003tg_4_468.jpg,210,199.0,move,train,val
ThaiCharacter Dataset/round2/210/be_003tg_4_74.jpg,210,199.0,move,train,val
ThaiCharacter Dataset/round2/210/be_003tg_8_128.jpg,210,199.0,move,train,val
ThaiCharacter Dataset/round2/210/be_003tg_8_164.jpg,210,199.0,move,train,val
ThaiCharacter Dataset/round2/210/be_003tg_8_18.jpg,210,199.0,move,val,val
ThaiCharacter Dataset/round2/210/be_003tg_8_209.jpg,210,199.0,move,train,val
ThaiCharacter Dataset/round2/210/be_003tg_8_214.jpg,210,199.0,move,train,val
ThaiCharacter Dataset/round2/210/be_003tg_8_224.jpg,210,199.0,move,val,val
ThaiCharacter Dataset/round2/210/be_003tg_8_338.jpg,210,199.0,move,train,val
ThaiCharacter Dataset/round2/210/be_003tg_8_342.jpg,210,199.0,move,train,val
ThaiCharacter Dataset/round2/210/be_003tg_8_368.jpg,210,199.0,move,train,val
ThaiCharacter Dataset/round2/210/be_003tg_8_443.jpg,210,199.0,move,train,val
ThaiCharacter Dataset/round2/210/be_003tg_8_85.jpg,210,199.0,move,train,val
ThaiCharacter Dataset/round2/210/be_003tg_9_122.jpg,210,199.0,move,train,val
ThaiCharacter Dataset/round2/210/be_003tg_9_13.jpg,210,199.0,move,train,val
ThaiCharacter Dataset/round2/210/be_003tg_9_144.jpg,210,199.0,move,train,val
ThaiCharacter Dataset/round2/210/be_003tg_9_150.jpg,210,199.0,move,train,val
ThaiCharacter Dataset/round2/210/be_003tg_9_154.jpg,210,199.0,move,train,val
ThaiCharacter Dataset/round2/210/be_003tg_9_229.jpg,210,199.0,move,train,val
ThaiCharacter Dataset/round2/210/be_003tg_9_237.jpg,210,199.0,move,train,val
ThaiCharacter Dataset/round2/210/be_003tg_9_63.jpg,210,199.0,move,train,val
ThaiCharacter Dataset/round2/210/be_004sg_2_128.jpg,210,227.0,move,train,train
ThaiCharacter Dataset/round2/210/be_004sg_2_171.jpg,210,199.0,move,train,train
ThaiCharacter Dataset/round2/210/be_004sg_2_29.jpg,210,199.0,move,train,train
ThaiCharacter Dataset/round2/210/be_004sg_2_38.jpg,210,227.0,move,train,train
ThaiCharacter Dataset/round2/210/be_004sg_4_138.jpg,210,227.0,move,train,train
ThaiCharacter Dataset/round2/210/be_004sg_6_7.jpg,210,227.0,move,train,train
ThaiCharacter Dataset/round2/210/be_004sg_7_0.jpg,210,227.0,move,train,train
ThaiCharacter Dataset/round2/210/be_004sg_7_17.jpg,210,227.0,move,train,train
ThaiCharacter Dataset/round2/210/be_004sg_7_172.jpg,210,227.0,move,val,train
ThaiCharacter Dataset/round2/210/be_004sg_7_309.jpg,210,199.0,move,train,train
ThaiCharacter Dataset/round2/210/be_004sg_7_481.jpg,210,227.0,move,train,train
ThaiCharacter Dataset/round2/210/be_004tg_2_126.jpg,210,199.0,move,train,train
ThaiCharacter Dataset/round2/210/be_004tg_2_171.jpg,210,199.0,move,val,train
ThaiCharacter Dataset/round2/210/be_004tg_2_191.jpg,210,199.0,move,train,train
ThaiCharacter Dataset/round2/210/be_004tg_2_251.jpg,210,199.0,move,train,train
ThaiCharacter Dataset/round2/210/be_004tg_2_368.jpg,210,199.0,move,train,train
ThaiCharacter Dataset/round2/210/be_004tg_2_372.jpg,210,199.0,move,train,train
ThaiCharacter Dataset/round2/210/be_004tg_2_99.jpg,210,199.0,move,train,train
ThaiCharacter Dataset/round2/210/be_004tg_4_226.jpg,210,199.0,move,train,train
ThaiCharacter Dataset/round2/210/be_004tg_6_113.jpg,210,199.0,move,train,train
ThaiCharacter Dataset/round2/210/be_004tg_6_128.jpg,210,199.0,move,train,train
ThaiCharacter Dataset/round2/210/be_004tg_6_143.jpg,210,199.0,move,val,train
ThaiCharacter Dataset/round2/210/be_004tg_6_164.jpg,210,199.0,move,train,train
ThaiCharacter Dataset/round2/210/be_004tg_6_256.jpg,210,199.0,move,train,train
ThaiCharacter Dataset/round2/210/be_004tg_6_301.jpg,210,199.0,move,train,train
ThaiCharacter Dataset/round2/210/be_004tg_6_312.jpg,210,199.0,move,train,train
ThaiCharacter Dataset/round2/210/be_004tg_6_389.jpg,210,199.0,move,train,train
ThaiCharacter Dataset/round2/210/be_004tg_6_46.jpg,210,199.0,move,val,train
ThaiCharacter Dataset/round2/210/be_004tg_6_463.jpg,210,199.0,move,train,train
ThaiCharacter Dataset/round2/210/be_004tg_6_476.jpg,210,199.0,move,train,train
ThaiCharacter Dataset/round2/210/be_004tg_6_51.jpg,210,199.0,move,train,train
ThaiCharacter Dataset/round2/210/be_004tg_6_55.jpg,210,199.0,move,train,train
ThaiCharacter Dataset/round2/210/be_004tg_6_72.jpg,210,199.0,move,train,train
ThaiCharacter Dataset/round2/210/be_004tg_7_92.jpg,210,199.0,move,train,train
ThaiCharacter Dataset/round2/210/be_005sg_2_186.jpg,210,199.0,move,train,train
ThaiCharacter Dataset/round2/210/be_005sg_2_195.jpg,210,227.0,move,train,train
ThaiCharacter Dataset/round2/210/be_005sg_2_267.jpg,210,227.0,move,train,train
ThaiCharacter Dataset/round2/210/be_005sg_2_28.jpg,210,199.0,move,train,train
ThaiCharacter Dataset/round2/210/be_005sg_2_59.jpg,210,227.0,move,train,train
ThaiCharacter Dataset/round2/210/be_005sg_3_149.jpg,210,227.0,move,train,train
ThaiCharacter Dataset/round2/210/be_005sg_3_90.jpg,210,227.0,move,train,train
ThaiCharacter Dataset/round2/210/be_006tg_1_231.jpg,210,199.0,move,train,train
ThaiCharacter Dataset/round2/210/be_006tg_1_289.jpg,210,199.0,move,val,train
ThaiCharacter Dataset/round2/210/be_006tg_1_313.jpg,210,199.0,move,train,train
ThaiCharacter Dataset/round2/210/be_006tg_1_322.jpg,210,199.0,move,train,train
ThaiCharacter Dataset/round2/210/be_006tg_1_377.jpg,210,199.0,move,train,train
ThaiCharacter Dataset/round2/210/be_006tg_1_431.jpg,210,199.0,move,train,train
ThaiCharacter Dataset/round2/210/be_006tg_3_13.jpg,210,199.0,move,train,train
ThaiCharacter Dataset/round2/210/be_006tg_3_155.jpg,210,199.0,move,train,train
ThaiCharacter Dataset/round2/210/be_006tg_3_169.jpg,210,199.0,move,train,train
ThaiCharacter Dataset/round2/210/be_006tg_3_173.jpg,210,199.0,move,train,train
ThaiCharacter Dataset/round2/210/be_006tg_3_229.jpg,210,199.0,move,train,train
ThaiCharacter Dataset/round2/210/be_006tg_3_234.jpg,210,199.0,move,train,train
ThaiCharacter Dataset/round2/210/be_006tg_3_336.jpg,210,199.0,move,val,train
ThaiCharacter Dataset/round2/210/be_006tg_3_384.jpg,210,199.0,move,train,train
ThaiCharacter Dataset/round2/210/be_006tg_3_399.jpg,210,199.0,move,val,train
ThaiCharacter Dataset/round2/210/be_006tg_3_403.jpg,210,199.0,move,train,train
ThaiCharacter Dataset/round2/210/be_006tg_3_62.jpg,210,199.0,move,train,train
ThaiCharacter Dataset/round2/210/be_006tg_3_66.jpg,210,199.0,move,train,train
ThaiCharacter Dataset/round2/210/be_006tg_3_9.jpg,210,199.0,move,train,train
ThaiCharacter Dataset/round2/210/be_006tg_4_100.jpg,210,199.0,move,train,train
ThaiCharacter Dataset/round2/210/be_006tg_4_146.jpg,210,199.0,move,train,train
ThaiCharacter Dataset/round2/210/be_006tg_4_341.jpg,210,199.0,move,train,train
ThaiCharacter Dataset/round2/210/be_006tg_4_425.jpg,210,199.0,move,val,train
ThaiCharacter Dataset/round2/210/be_006tg_4_429.jpg,210,199.0,move,val,train
ThaiCharacter Dataset/round2/210/be_006tg_4_64.jpg,210,199.0,move,train,train
ThaiCharacter Dataset/round2/210/be_006tg_4_68.jpg,210,199.0,move,train,train
ThaiCharacter Dataset/round2/210/be_006tg_4_75.jpg,210,199.0,move,train,train
ThaiCharacter Dataset/round2/210/be_006tg_4_96.jpg,210,199.0,move,train,train
ThaiCharacter Dataset/round2/210/be_006tg_6_140.jpg,210,199.0,move,train,train
ThaiCharacter Dataset/round2/210/be_006tg_6_43.jpg,210,199.0,move,val,train
ThaiCharacter Dataset/round2/210/be_006tg_8_1.jpg,210,199.0,move,train,train
ThaiCharacter Dataset/round2/210/be_006tg_8_126.jpg,210,199.0,move,train,train
ThaiCharacter Dataset/round2/210/be_006tg_8_130.jpg,210,199.0,move,train,train
ThaiCharacter Dataset/round2/210/be_006tg_8_141.jpg,210,199.0,move,train,train
ThaiCharacter Dataset/round2/210/be_006tg_8_169.jpg,210,199.0,move,train,train
ThaiCharacter Dataset/round2/210/be_006tg_8_215.jpg,210,199.0,move,train,train
ThaiCharacter Dataset/round2/210/be_006tg_8_220.jpg,210,199.0,move,train,train
ThaiCharacter Dataset/round2/210/be_006tg_8_223.jpg,210,199.0,move,train,train
ThaiCharacter Dataset/round2/210/be_006tg_8_245.jpg,210,199.0,move,train,train
ThaiCharacter Dataset/round2/210/be_006tg_8_249.jpg,210,199.0,move,train,train
ThaiCharacter Dataset/round2/210/be_006tg_8_269.jpg,210,199.0,move,train,train
ThaiCharacter Dataset/round2/210/be_006tg_8_5.jpg,210,199.0,move,train,train
ThaiCharacter Dataset/round2/210/be_007sg_3_223.jpg,210,227.0,move,val,train
ThaiCharacter Dataset/round2/210/be_007sg_3_309.jpg,210,227.0,move,train,train
ThaiCharacter Dataset/round2/210/be_007sg_3_42.jpg,210,227.0,move,train,train
ThaiCharacter Dataset/round2/210/be_007sg_3_50.jpg,210,227.0,move,val,train
ThaiCharacter Dataset/round2/210/be_007sg_4_122.jpg,210,227.0,move,train,train
ThaiCharacter Dataset/round2/210/be_007sg_4_265.jpg,210,227.0,move,train,train
ThaiCharacter Dataset/round2/210/be_007sg_4_38.jpg,210,227.0,move,train,train
ThaiCharacter Dataset/round2/210/be_007sg_6_162.jpg,210,227.0,move,val,train
ThaiCharacter Dataset/round2/210/be_007sg_6_422.jpg,210,227.0,move,train,train
ThaiCharacter Dataset/round2/210/be_007sg_6_438.jpg,210,227.0,move,val,train
ThaiCharacter Dataset/round2/210/be_007sg_6_65.jpg,210,227.0,move,val,train
ThaiCharacter Dataset/round2/210/be_007sg_7_210.jpg,210,199.0,move,train,train
ThaiCharacter Dataset/round2/210/be_007sg_7_212.jpg,210,227.0,move,train,train
ThaiCharacter Dataset/round2/210/be_007sg_7_242.jpg,210,199.0,move,train,train
ThaiCharacter Dataset/round2/210/be_007sg_7_322.jpg,210,199.0,move,train,train
ThaiCharacter Dataset/round2/210/be_007sg_7_408.jpg,210,227.0,move,train,train
ThaiCharacter Dataset/round2/210/be_007sg_7_473.jpg,210,227.0,move,val,train
ThaiCharacter Dataset/round2/210/be_007tg_3_26.jpg,210,199.0,move,train,train
ThaiCharacter Dataset/round2/210/be_007tg_3_290.jpg,210,199.0,move,train,train
ThaiCharacter Dataset/round2/210/be_007tg_3_304.jpg,210,199.0,move,val,train
ThaiCharacter Dataset/round2/210/be_007tg_4_10.jpg,210,199.0,move,train,train
ThaiCharacter Dataset/round2/210/be_007tg_4_115.jpg,210,199.0,move,train,train
ThaiCharacter Dataset/round2/210/be_007tg_4_14.jpg,210,199.0,move,train,train
ThaiCharacter Dataset/round2/210/be_007tg_4_183.jpg,210,199.0,move,train,train
ThaiCharacter Dataset/round2/210/be_007tg_4_199.jpg,210,199.0,move,train,train
ThaiCharacter Dataset/round2/210/be_007tg_4_203.jpg,210,199.0,move,val,train
ThaiCharacter Dataset/round2/210/be_007tg_4_249.jpg,210,199.0,move,train,train
ThaiCharacter Dataset/round2/210/be_007tg_4_303.jpg,210,199.0,move,train,train
ThaiCharacter Dataset/round2/210/be_007tg_6_149.jpg,210,199.0,move,train,train
ThaiCharacter Dataset/round2/210/be_007tg_6_219.jpg,210,199.0,move,train,train
ThaiCharacter Dataset/round2/210/be_007tg_6_223.jpg,210,199.0,move,val,train
ThaiCharacter Dataset/round2/210/be_007tg_6_416.jpg,210,199.0,move,val,train
ThaiCharacter Dataset/round2/210/be_007tg_6_48.jpg,210,199.0,move,val,train
ThaiCharacter Dataset/round2/210/be_007tg_6_486.jpg,210,199.0,move,train,train
ThaiCharacter Dataset/round2/210/be_007tg_7_211.jpg,210,199.0,move,train,train
ThaiCharacter Dataset/round2/210/be_007tg_7_243.jpg,210,199.0,move,train,train
ThaiCharacter Dataset/round2/210/be_007tg_7_248.jpg,210,199.0,move,val,train
ThaiCharacter Dataset/round2/210/be_007tg_7_318.jpg,210,199.0,move,val,train
ThaiCharacter Dataset/round2/210/be_007tg_7_322.jpg,210,199.0,move,train,train
ThaiCharacter Dataset/round2/210/be_007tg_7_371.jpg,210,199.0,move,val,train
ThaiCharacter Dataset/round2/210/be_007tg_7_375.jpg,210,199.0,move,train,train
ThaiCharacter Dataset/round2/210/be_007tg_7_463.jpg,210,199.0,move,train,train
ThaiCharacter Dataset/round2/210/be_007tg_7_482.jpg,210,199.0,move,train,train
ThaiCharacter Dataset/round2/210/be_008sg_4_242.jpg,210,199.0,move,train,train
ThaiCharacter Dataset/round2/210/be_008sg_4_304.jpg,210,199.0,move,val,train
ThaiCharacter Dataset/round2/210/be_008sg_4_308.jpg,210,226.0,move,train,train
ThaiCharacter Dataset/round2/210/be_008sg_4_334.jpg,210,199.0,move,val,train
ThaiCharacter Dataset/round2/210/be_008sg_4_338.jpg,210,199.0,move,train,train
ThaiCharacter Dataset/round2/210/be_008sg_5_208.jpg,210,199.0,move,train,train
ThaiCharacter Dataset/round2/210/be_008sg_5_253.jpg,210,199.0,move,val,train
ThaiCharacter Dataset/round2/210/be_008sg_5_383.jpg,210,227.0,move,train,train
ThaiCharacter Dataset/round2/210/be_008sg_5_77.jpg,210,227.0,move,train,train
ThaiCharacter Dataset/round2/210/be_008sg_7_75.jpg,210,226.0,move,val,train
ThaiCharacter Dataset/round2/210/be_008tg_4_243.jpg,210,199.0,move,train,train
ThaiCharacter Dataset/round2/210/be_008tg_4_258.jpg,210,199.0,move,train,train
ThaiCharacter Dataset/round2/210/be_008tg_4_305.jpg,210,199.0,move,train,train
ThaiCharacter Dataset/round2/210/be_008tg_4_335.jpg,210,199.0,move,train,train
ThaiCharacter Dataset/round2/210/be_008tg_4_339.jpg,210,199.0,move,train,train
ThaiCharacter Dataset/round2/210/be_008tg_4_411.jpg,210,199.0,move,train,train
ThaiCharacter Dataset/round2/210/be_008tg_4_445.jpg,210,199.0,move,val,train
ThaiCharacter Dataset/round2/210/be_008tg_4_482.jpg,210,199.0,move,val,train
ThaiCharacter Dataset/round2/210/be_008tg_4_53.jpg,210,199.0,move,train,train
ThaiCharacter Dataset/round2/210/be_008tg_4_73.jpg,210,199.0,move,train,train
ThaiCharacter Dataset/round2/210/be_008tg_7_11.jpg,210,199.0,move,train,train
ThaiCharacter Dataset/round2/210/be_008tg_7_126.jpg,210,199.0,move,train,train
ThaiCharacter Dataset/round2/210/be_008tg_7_200.jpg,210,199.0,move,train,train
ThaiCharacter Dataset/round2/210/be_008tg_7_208.jpg,210,199.0,move,val,train
ThaiCharacter Dataset/round2/210/be_008tg_7_223.jpg,210,199.0,move,train,train
ThaiCharacter Dataset/round2/210/be_008tg_7_230.jpg,210,199.0,move,val,train
ThaiCharacter Dataset/round2/210/be_008tg_7_257.jpg,210,199.0,move,train,train
ThaiCharacter Dataset/round2/210/be_008tg_7_397.jpg,210,199.0,move,train,train
ThaiCharacter Dataset/round2/210/be_008tg_7_404.jpg,210,199.0,move,train,train
ThaiCharacter Dataset/round2/210/be_008tg_7_460.jpg,210,199.0,move,train,train
ThaiCharacter Dataset/round2/210/be_008tg_7_464.jpg,210,199.0,move,train,train
ThaiCharacter Dataset/round2/210/be_008tg_7_55.jpg,210,199.0,move,train,train
ThaiCharacter Dataset/round2/210/be_008tg_7_59.jpg,210,199.0,move,train,train
ThaiCharacter Dataset/round2/210/be_008tg_7_97.jpg,210,199.0,move,train,train
ThaiCharacter Dataset/round2/210/be_009sg_3_160.jpg,210,199.0,move,train,train
ThaiCharacter Dataset/round2/210/be_009sg_3_279.jpg,210,199.0,move,train,train
ThaiCharacter Dataset/round2/210/be_009sg_3_373.jpg,210,199.0,move,train,train
ThaiCharacter Dataset/round2/210/be_009sg_3_428.jpg,210,199.0,move,train,train
ThaiCharacter Dataset/round2/210/be_009sg_3_46.jpg,210,199.0,move,train,train
ThaiCharacter Dataset/round2/210/be_009sg_4_192.jpg,210,199.0,move,train,train
ThaiCharacter Dataset/round2/210/be_009sg_4_229.jpg,210,199.0,move,train,train
ThaiCharacter Dataset/round2/210/be_009sg_4_250.jpg,210,199.0,move,train,train
ThaiCharacter Dataset/round2/210/be_009tg_2_193.jpg,210,199.0,move,train,train
ThaiCharacter Dataset/round2/210/be_009tg_2_230.jpg,210,199.0,move,train,train
ThaiCharacter Dataset/round2/210/be_009tg_2_251.jpg,210,199.0,move,val,train
ThaiCharacter Dataset/round2/210/be_009tg_2_443.jpg,210,199.0,move,train,train
ThaiCharacter Dataset/round2/210/be_009tg_2_74.jpg,210,199.0,move,train,train
ThaiCharacter Dataset/round2/210/be_009tg_4_1.jpg,210,199.0,move,train,train
ThaiCharacter Dataset/round2/210/be_009tg_4_122.jpg,210,199.0,move,train,train
ThaiCharacter Dataset/round2/210/be_009tg_4_268.jpg,210,199.0,move,train,train
ThaiCharacter Dataset/round2/210/be_009tg_4_279.jpg,210,199.0,move,train,train
ThaiCharacter Dataset/round2/210/be_009tg_4_373.jpg,210,199.0,move,train,train
ThaiCharacter Dataset/round2/210/be_009tg_4_428.jpg,210,199.0,move,train,train
ThaiCharacter Dataset/round2/210/be_009tg_4_46.jpg,210,199.0,move,train,train
ThaiCharacter Dataset/round2/210/be_011sg_1_175.jpg,210,227.0,move,train,train
ThaiCharacter Dataset/round2/210/be_011sg_1_284.jpg,210,227.0,move,train,train
ThaiCharacter Dataset/round2/210/be_011sg_1_334.jpg,210,199.0,move,train,train
ThaiCharacter Dataset/round2/210/be_011sg_1_359.jpg,210,199.0,move,train,train
ThaiCharacter Dataset/round2/210/be_011sg_1_79.jpg,210,227.0,move,train,train
ThaiCharacter Dataset/round2/210/be_011sg_2_111.jpg,210,227.0,move,val,train
ThaiCharacter Dataset/round2/210/be_011sg_2_158.jpg,210,199.0,move,train,train
ThaiCharacter Dataset/round2/210/be_011sg_2_165.jpg,210,227.0,move,train,train
ThaiCharacter Dataset/round2/210/be_011sg_2_210.jpg,210,227.0,move,train,train
ThaiCharacter Dataset/round2/210/be_011sg_2_231.jpg,210,199.0,move,train,train
ThaiCharacter Dataset/round2/210/be_011sg_2_386.jpg,210,227.0,move,train,train
ThaiCharacter Dataset/round2/210/be_011sg_2_55.jpg,210,227.0,move,train,train
ThaiCharacter Dataset/round2/210/be_011sg_4_101.jpg,210,227.0,move,val,train
ThaiCharacter Dataset/round2/210/be_011sg_4_82.jpg,210,227.0,move,train,train
ThaiCharacter Dataset/round2/210/be_011tg_2_252.jpg,210,199.0,move,train,train
ThaiCharacter Dataset/round2/210/be_011tg_4_11.jpg,210,199.0,move,train,train
ThaiCharacter Dataset/round2/210/be_011tg_4_177.jpg,210,199.0,move,train,train
ThaiCharacter Dataset/round2/210/be_011tg_4_489.jpg,210,161.0,move,train,train
ThaiCharacter Dataset/round2/210/be_011tg_4_53.jpg,210,199.0,move,train,train
ThaiCharacter Dataset/round2/210/be_011tg_5_166.jpg,210,199.0,move,train,train
ThaiCharacter Dataset/round2/210/be_011tg_5_294.jpg,210,190.0,move,train,train
ThaiCharacter Dataset/round2/210/be_011tg_5_368.jpg,210,227.0,move,train,train
ThaiCharacter Dataset/round2/210/be_011tg_5_377.jpg,210,183.0,move,train,train
ThaiCharacter Dataset/round2/210/be_011tg_5_414.jpg,210,167.0,move,train,train
ThaiCharacter Dataset/round2/210/be_011tg_5_436.jpg,210,167.0,move,val,train
ThaiCharacter Dataset/round2/210/be_011tg_6_106.jpg,210,199.0,move,val,train
ThaiCharacter Dataset/round2/210/be_011tg_6_171.jpg,210,199.0,move,train,train
ThaiCharacter Dataset/round2/210/be_012sg_3_137.jpg,210,227.0,move,train,train
ThaiCharacter Dataset/round2/210/be_012sg_3_211.jpg,210,199.0,move,val,train
ThaiCharacter Dataset/round2/210/be_012sg_3_451.jpg,210,227.0,move,train,train
ThaiCharacter Dataset/round2/210/be_012sg_4_145.jpg,210,227.0,move,train,train
ThaiCharacter Dataset/round2/210/be_012sg_4_167.jpg,210,227.0,move,train,train
ThaiCharacter Dataset/round2/210/be_012sg_4_174.jpg,210,227.0,move,train,train
ThaiCharacter Dataset/round2/210/be_012sg_4_270.jpg,210,227.0,move,val,train
ThaiCharacter Dataset/round2/210/be_012sg_4_273.jpg,210,227.0,move,val,train
ThaiCharacter Dataset/round2/210/be_012sg_4_57.jpg,210,227.0,move,val,train
ThaiCharacter Dataset/round2/210/be_012sg_4_77.jpg,210,227.0,move,train,train
ThaiCharacter Dataset/round2/210/be_012sg_4_99.jpg,210,199.0,move,train,train
ThaiCharacter Dataset/round2/210/be_012tg_3_197.jpg,210,199.0,move,val,train
ThaiCharacter Dataset/round2/210/be_012tg_3_213.jpg,210,199.0,move,val,train
ThaiCharacter Dataset/round2/210/be_012tg_3_226.jpg,210,199.0,move,train,train
ThaiCharacter Dataset/round2/210/be_012tg_3_289.jpg,210,199.0,move,train,train
ThaiCharacter Dataset/round2/210/be_012tg_3_443.jpg,210,199.0,move,train,train
ThaiCharacter Dataset/round2/210/be_012tg_3_489.jpg,210,199.0,move,val,train
ThaiCharacter Dataset/round2/210/be_012tg_4_215.jpg,210,199.0,move,train,train
ThaiCharacter Dataset/round2/210/be_012tg_4_359.jpg,210,199.0,move,train,train
ThaiCharacter Dataset/round2/210/be_012tg_4_99.jpg,210,199.0,move,train,train
ThaiCharacter Dataset/round2/210/be_013sg_1_239.jpg,210,230.0,move,train,train
ThaiCharacter Dataset/round2/210/be_013sg_1_362.jpg,210,227.0,move,train,train
ThaiCharacter Dataset/round2/210/be_013sg_1_422.jpg,210,227.0,move,train,train
ThaiCharacter Dataset/round2/210/be_013sg_2_164.jpg,210,226.0,move,train,train
ThaiCharacter Dataset/round2/210/be_013sg_2_231.jpg,210,230.0,move,train,train
ThaiCharacter Dataset/round2/210/be_013sg_2_293.jpg,210,199.0,move,val,train
ThaiCharacter Dataset/round2/210/be_013sg_2_305.jpg,210,228.0,move,val,train
ThaiCharacter Dataset/round2/210/be_013sg_2_312.jpg,210,199.0,move,train,train
ThaiCharacter Dataset/round2/210/be_013sg_7_18.jpg,210,226.0,move,train,train
ThaiCharacter Dataset/round2/210/be_013tg_1_149.jpg,210,199.0,move,train,train
ThaiCharacter Dataset/round2/210/be_013tg_1_286.jpg,210,199.0,move,train,train
ThaiCharacter Dataset/round2/210/be_013tg_1_413.jpg,210,199.0,move,val,train
ThaiCharacter Dataset/round2/210/be_013tg_1_99.jpg,210,199.0,move,train,train
ThaiCharacter Dataset/round2/210/be_013tg_2_120.jpg,210,199.0,move,train,train
ThaiCharacter Dataset/round2/210/be_013tg_2_316.jpg,210,199.0,move,val,train
ThaiCharacter Dataset/round2/210/be_013tg_2_401.jpg,210,199.0,move,val,train
ThaiCharacter Dataset/round2/210/be_013tg_2_420.jpg,210,199.0,move,train,train
ThaiCharacter Dataset/round2/210/be_013tg_2_447.jpg,210,199.0,move,train,train
ThaiCharacter Dataset/round2/210/be_013tg_2_458.jpg,210,199.0,move,train,train
ThaiCharacter Dataset/round2/210/be_013tg_2_5.jpg,210,199.0,move,val,train
ThaiCharacter Dataset/round2/210/be_013tg_2_67.jpg,210,199.0,move,val,train
ThaiCharacter Dataset/round2/210/be_013tg_2_81.jpg,210,199.0,move,train,train
ThaiCharacter Dataset/round2/210/be_013tg_2_9.jpg,210,199.0,move,val,train
ThaiCharacter Dataset/round2/210/be_013tg_6_220.jpg,210,199.0,move,train,train
ThaiCharacter Dataset/round2/210/be_014sg_2_64.jpg,210,199.0,move,train,val
ThaiCharacter Dataset/round2/210/be_014sg_3_195.jpg,210,199.0,move,train,val
ThaiCharacter Dataset/round2/210/be_014sg_3_268.jpg,210,199.0,move,train,val
ThaiCharacter Dataset/round2/210/be_014sg_4_149.jpg,210,227.0,move,train,val
ThaiCharacter Dataset/round2/210/be_014sg_4_263.jpg,210,227.0,move,train,val
ThaiCharacter Dataset/round2/210/be_014sg_4_284.jpg,210,199.0,move,train,val
ThaiCharacter Dataset/round2/210/be_014sg_4_7.jpg,210,227.0,move,val,val
ThaiCharacter Dataset/round2/210/be_014tg_2_106.jpg,210,199.0,move,val,val
ThaiCharacter Dataset/round2/210/be_014tg_2_13.jpg,210,199.0,move,train,val
ThaiCharacter Dataset/round2/210/be_014tg_2_222.jpg,210,199.0,move,val,val
ThaiCharacter Dataset/round2/210/be_014tg_2_443.jpg,210,199.0,move,train,val
ThaiCharacter Dataset/round2/210/be_014tg_2_458.jpg,210,199.0,move,train,val
ThaiCharacter Dataset/round2/210/be_014tg_2_52.jpg,210,199.0,move,train,val
ThaiCharacter Dataset/round2/210/be_014tg_2_65.jpg,210,199.0,move,train,val
ThaiCharacter Dataset/round2/210/be_014tg_3_128.jpg,210,199.0,move,train,val
ThaiCharacter Dataset/round2/210/be_014tg_3_193.jpg,210,199.0,move,train,val
ThaiCharacter Dataset/round2/210/be_014tg_3_206.jpg,210,199.0,move,train,val
ThaiCharacter Dataset/round2/210/be_014tg_4_1.jpg,210,199.0,move,train,val
ThaiCharacter Dataset/round2/210/be_014tg_4_172.jpg,210,199.0,move,train,val
ThaiCharacter Dataset/round2/210/be_014tg_4_292.jpg,210,199.0,move,train,val
ThaiCharacter Dataset/round2/210/be_014tg_4_367.jpg,210,199.0,move,val,val
ThaiCharacter Dataset/round2/210/be_014tg_4_398.jpg,210,199.0,move,train,val
ThaiCharacter Dataset/round2/210/be_014tg_4_40.jpg,210,199.0,move,train,val
ThaiCharacter Dataset/round2/210/be_014tg_4_480.jpg,210,199.0,move,train,val
ThaiCharacter Dataset/round2/210/be_014tg_4_64.jpg,210,199.0,move,train,val
ThaiCharacter Dataset/round2/210/be_014tg_4_95.jpg,210,199.0,move,train,val
ThaiCharacter Dataset/round2/210/be_015sg_1_182.jpg,210,199.0,move,val,train
ThaiCharacter Dataset/round2/210/be_015sg_1_200.jpg,210,227.0,move,train,train
ThaiCharacter Dataset/round2/210/be_015sg_1_373.jpg,210,230.0,move,train,train
ThaiCharacter Dataset/round2/210/be_015sg_2_146.jpg,210,227.0,move,train,train
ThaiCharacter Dataset/round2/210/be_015sg_2_183.jpg,210,227.0,move,train,train
ThaiCharacter Dataset/round2/210/be_015sg_2_192.jpg,210,227.0,move,val,train
ThaiCharacter Dataset/round2/210/be_015sg_2_204.jpg,210,227.0,move,train,train
ThaiCharacter Dataset/round2/210/be_015sg_2_219.jpg,210,227.0,move,train,train
ThaiCharacter Dataset/round2/210/be_015sg_2_39.jpg,210,227.0,move,train,train
ThaiCharacter Dataset/round2/210/be_015sg_2_395.jpg,210,227.0,move,train,train
ThaiCharacter Dataset/round2/210/be_015sg_2_84.jpg,210,227.0,move,train,train
ThaiCharacter Dataset/round2/210/be_015tg_1_104.jpg,210,199.0,move,train,train
ThaiCharacter Dataset/round2/210/be_015tg_1_109.jpg,210,199.0,move,train,train
ThaiCharacter Dataset/round2/210/be_015tg_1_182.jpg,210,199.0,move,train,train
ThaiCharacter Dataset/round2/210/be_015tg_1_222.jpg,210,199.0,move,train,train
ThaiCharacter Dataset/round2/210/be_015tg_1_334.jpg,210,199.0,move,val,train
ThaiCharacter Dataset/round2/210/be_015tg_1_342.jpg,210,199.0,move,train,train
ThaiCharacter Dataset/round2/210/be_015tg_1_382.jpg,210,199.0,move,train,train
ThaiCharacter Dataset/round2/210/be_015tg_1_412.jpg,210,199.0,move,train,train
ThaiCharacter Dataset/round2/210/be_015tg_1_68.jpg,210,199.0,move,train,train
ThaiCharacter Dataset/round2/210/be_015tg_2_179.jpg,210,199.0,move,train,train
ThaiCharacter Dataset/round2/210/be_015tg_2_255.jpg,210,199.0,move,train,train
ThaiCharacter Dataset/round2/210/be_015tg_2_448.jpg,210,199.0,move,val,train
ThaiCharacter Dataset/round2/210/be_015tg_2_73.jpg,210,199.0,move,train,train
ThaiCharacter Dataset/round2/210/be_016sg_10_156.jpg,210,199.0,move,train,val
ThaiCharacter Dataset/round2/210/be_016sg_10_189.jpg,210,227.0,move,train,val
ThaiCharacter Dataset/round2/210/be_016sg_10_200.jpg,210,199.0,move,train,val
ThaiCharacter Dataset/round2/210/be_016sg_10_42.jpg,210,227.0,move,train,val
ThaiCharacter Dataset/round2/210/be_016sg_11_235.jpg,210,227.0,move,train,val
ThaiCharacter Dataset/round2/210/be_016sg_11_485.jpg,210,227.0,move,train,val
ThaiCharacter Dataset/round2/210/be_016sg_2_6.jpg,210,227.0,move,train,val
ThaiCharacter Dataset/round2/210/be_016sg_4_6.jpg,210,227.0,move,val,val
ThaiCharacter Dataset/round2/210/be_016sg_8_129.jpg,210,227.0,move,train,val
ThaiCharacter Dataset/round2/210/be_016sg_8_171.jpg,210,227.0,move,val,val
ThaiCharacter Dataset/round2/210/be_016sg_8_3.jpg,210,199.0,move,train,val
ThaiCharacter Dataset/round2/210/be_016sg_8_415.jpg,210,227.0,move,train,val
ThaiCharacter Dataset/round2/210/be_016sg_9_165.jpg,210,227.0,move,train,val
ThaiCharacter Dataset/round2/210/be_016sg_9_298.jpg,210,197.0,move,train,val
ThaiCharacter Dataset/round2/210/be_016sg_9_426.jpg,210,230.0,move,val,val
ThaiCharacter Dataset/round2/210/be_016tg_10_127.jpg,210,199.0,move,train,val
ThaiCharacter Dataset/round2/210/be_016tg_10_157.jpg,210,199.0,move,train,val
ThaiCharacter Dataset/round2/210/be_016tg_10_201.jpg,210,199.0,move,val,val
ThaiCharacter Dataset/round2/210/be_016tg_11_152.jpg,210,199.0,move,val,val
ThaiCharacter Dataset/round2/210/be_016tg_11_194.jpg,210,199.0,move,train,val
ThaiCharacter Dataset/round2/210/be_016tg_11_281.jpg,210,199.0,move,train,val
ThaiCharacter Dataset/round2/210/be_016tg_11_389.jpg,210,199.0,move,val,val
ThaiCharacter Dataset/round2/210/be_016tg_11_403.jpg,210,199.0,move,train,val
ThaiCharacter Dataset/round2/210/be_016tg_11_448.jpg,210,199.0,move,val,val
ThaiCharacter Dataset/round2/210/be_016tg_11_82.jpg,210,199.0,move,train,val
ThaiCharacter Dataset/round2/210/be_016tg_11_96.jpg,210,199.0,move,val,val
ThaiCharacter Dataset/round2/210/be_016tg_2_6.jpg,210,227.0,move,train,val
ThaiCharacter Dataset/round2/210/be_016tg_3_6.jpg,210,227.0,move,val,val
ThaiCharacter Dataset/round2/210/be_016tg_4_6.jpg,210,227.0,move,val,val
ThaiCharacter Dataset/round2/210/be_016tg_8_128.jpg,210,199.0,move,train,val
ThaiCharacter Dataset/round2/210/be_016tg_8_136.jpg,210,230.0,move,train,val
ThaiCharacter Dataset/round2/210/be_016tg_8_282.jpg,210,199.0,move,train,val
ThaiCharacter Dataset/round2/210/be_016tg_8_322.jpg,210,199.0,move,val,val
ThaiCharacter Dataset/round2/210/be_016tg_8_343.jpg,210,199.0,move,train,val
ThaiCharacter Dataset/round2/210/be_016tg_8_383.jpg,210,199.0,move,train,val
ThaiCharacter Dataset/round2/210/be_016tg_9_182.jpg,210,199.0,move,train,val
ThaiCharacter Dataset/round2/210/be_016tg_9_197.jpg,210,199.0,move,val,val
ThaiCharacter Dataset/round2/210/be_016tg_9_99.jpg,210,199.0,move,val,val
ThaiCharacter Dataset/round2/210/be_017sg_4_197.jpg,210,199.0,move,train,train
ThaiCharacter Dataset/round2/210/be_017sg_4_242.jpg,210,227.0,move,train,train
ThaiCharacter Dataset/round2/210/be_017sg_4_272.jpg,210,227.0,move,val,train
ThaiCharacter Dataset/round2/210/be_017sg_4_353.jpg,210,227.0,move,train,train
ThaiCharacter Dataset/round2/210/be_017sg_6_149.jpg,210,199.0,move,train,train
ThaiCharacter Dataset/round2/210/be_017sg_6_173.jpg,210,227.0,move,train,train
ThaiCharacter Dataset/round2/210/be_017sg_6_279.jpg,210,227.0,move,train,train
ThaiCharacter Dataset/round2/210/be_017sg_6_455.jpg,210,199.0,move,train,train
ThaiCharacter Dataset/round2/210/be_017sg_7_100.jpg,210,227.0,move,train,train
ThaiCharacter Dataset/round2/210/be_017sg_7_254.jpg,210,199.0,move,train,train
ThaiCharacter Dataset/round2/210/be_017tg_4_122.jpg,210,199.0,move,train,train
ThaiCharacter Dataset/round2/210/be_017tg_4_151.jpg,210,199.0,move,val,train
ThaiCharacter Dataset/round2/210/be_017tg_4_196.jpg,210,199.0,move,train,train
ThaiCharacter Dataset/round2/210/be_017tg_4_200.jpg,210,199.0,move,train,train
ThaiCharacter Dataset/round2/210/be_017tg_4_221.jpg,210,199.0,move,val,train
ThaiCharacter Dataset/round2/210/be_017tg_4_244.jpg,210,199.0,move,train,train
ThaiCharacter Dataset/round2/210/be_017tg_4_293.jpg,210,199.0,move,train,train
ThaiCharacter Dataset/round2/210/be_017tg_4_318.jpg,210,199.0,move,train,train
ThaiCharacter Dataset/round2/210/be_017tg_4_361.jpg,210,199.0,move,train,train
ThaiCharacter Dataset/round2/210/be_017tg_4_375.jpg,210,199.0,move,train,train
ThaiCharacter Dataset/round2/210/be_017tg_4_64.jpg,210,199.0,move,train,train
ThaiCharacter Dataset/round2/210/be_017tg_4_86.jpg,210,199.0,move,train,train
ThaiCharacter Dataset/round2/210/be_017tg_5_38.jpg,210,193.0,move,val,train
ThaiCharacter Dataset/round2/210/be_017tg_6_108.jpg,210,199.0,move,train,train
ThaiCharacter Dataset/round2/210/be_017tg_6_119.jpg,210,199.0,move,train,train
ThaiCharacter Dataset/round2/210/be_017tg_6_14.jpg,210,199.0,move,train,train
ThaiCharacter Dataset/round2/210/be_017tg_6_149.jpg,210,199.0,move,train,train
ThaiCharacter Dataset/round2/210/be_017tg_6_225.jpg,210,199.0,move,val,train
ThaiCharacter Dataset/round2/210/be_017tg_6_239.jpg,210,199.0,move,train,train
ThaiCharacter Dataset/round2/210/be_017tg_6_288.jpg,210,199.0,move,train,train
ThaiCharacter Dataset/round2/210/be_017tg_6_3.jpg,210,199.0,move,train,train
ThaiCharacter Dataset/round2/210/be_017tg_6_318.jpg,210,199.0,move,train,train
ThaiCharacter Dataset/round2/210/be_017tg_6_373.jpg,210,199.0,move,train,train
ThaiCharacter Dataset/round2/210/be_017tg_6_458.jpg,210,199.0,move,train,train
ThaiCharacter Dataset/round2/210/be_017tg_6_79.jpg,210,199.0,move,train,train
ThaiCharacter Dataset/round2/210/be_017tg_6_82.jpg,210,199.0,move,train,train
ThaiCharacter Dataset/round2/210/be_017tg_6_95.jpg,210,199.0,move,train,train
ThaiCharacter Dataset/round2/210/be_017tg_7_106.jpg,210,199.0,move,train,train
ThaiCharacter Dataset/round2/210/be_017tg_7_214.jpg,210,199.0,move,train,train
ThaiCharacter Dataset/round2/210/be_017tg_7_247.jpg,210,199.0,move,train,train
ThaiCharacter Dataset/round2/210/be_017tg_7_255.jpg,210,199.0,move,train,train
ThaiCharacter Dataset/round2/210/be_017tg_7_285.jpg,210,199.0,move,train,train
ThaiCharacter Dataset/round2/210/be_017tg_7_318.jpg,210,199.0,move,train,train
ThaiCharacter Dataset/round2/210/be_017tg_7_324.jpg,210,199.0,move,val,train
ThaiCharacter Dataset/round2/210/be_017tg_7_33.jpg,210,199.0,move,val,train
ThaiCharacter Dataset/round2/210/be_017tg_7_468.jpg,210,199.0,move,train,train
ThaiCharacter Dataset/round2/210/be_017tg_7_54.jpg,210,199.0,move,train,train
ThaiCharacter Dataset/round2/210/be_018sg_3_343.jpg,210,227.0,move,train,train
ThaiCharacter Dataset/round2/210/be_018sg_3_363.jpg,210,199.0,move,train,train
ThaiCharacter Dataset/round2/210/be_018sg_4_29.jpg,210,227.0,move,train,train
ThaiCharacter Dataset/round2/210/be_018sg_4_3.jpg,210,228.0,move,val,train
ThaiCharacter Dataset/round2/210/be_018sg_5_59.jpg,210,199.0,move,train,train
ThaiCharacter Dataset/round2/210/be_018sg_6_186.jpg,210,199.0,move,train,train
ThaiCharacter Dataset/round2/210/be_018sg_6_68.jpg,210,199.0,move,train,train
ThaiCharacter Dataset/round2/210/be_018sg_7_114.jpg,210,199.0,move,val,train
ThaiCharacter Dataset/round2/210/be_018sg_7_77.jpg,210,199.0,move,train,train
ThaiCharacter Dataset/round2/210/be_018sg_9_31.jpg,210,199.0,move,train,train
ThaiCharacter Dataset/round2/210/be_018tg_3_172.jpg,210,199.0,move,train,train
ThaiCharacter Dataset/round2/210/be_018tg_3_256.jpg,210,199.0,move,train,train
ThaiCharacter Dataset/round2/210/be_018tg_3_26.jpg,210,199.0,move,train,train
ThaiCharacter Dataset/round2/210/be_018tg_3_283.jpg,210,199.0,move,train,train
ThaiCharacter Dataset/round2/210/be_018tg_3_421.jpg,210,199.0,move,train,train
ThaiCharacter Dataset/round2/210/be_018tg_3_436.jpg,210,199.0,move,train,train
ThaiCharacter Dataset/round2/210/be_018tg_3_453.jpg,210,199.0,move,train,train
ThaiCharacter Dataset/round2/210/be_018tg_3_9.jpg,210,199.0,move,val,train
ThaiCharacter Dataset/round2/210/be_018tg_5_25.jpg,210,199.0,move,train,train
ThaiCharacter Dataset/round2/210/be_018tg_5_62.jpg,210,199.0,move,train,train
ThaiCharacter Dataset/round2/210/be_018tg_6_121.jpg,210,199.0,move,val,train
ThaiCharacter Dataset/round2/210/be_018tg_6_187.jpg,210,199.0,move,train,train
ThaiCharacter Dataset/round2/210/be_018tg_6_201.jpg,210,199.0,move,train,train
ThaiCharacter Dataset/round2/210/be_018tg_6_256.jpg,210,199.0,move,train,train
ThaiCharacter Dataset/round2/210/be_018tg_6_301.jpg,210,199.0,move,train,train
ThaiCharacter Dataset/round2/210/be_018tg_6_349.jpg,210,199.0,move,val,train
ThaiCharacter Dataset/round2/210/be_018tg_6_68.jpg,210,199.0,move,train,train
ThaiCharacter Dataset/round2/210/be_018tg_6_72.jpg,210,199.0,move,val,train
ThaiCharacter Dataset/round2/210/be_018tg_7_115.jpg,210,199.0,move,train,train
ThaiCharacter Dataset/round2/210/be_018tg_7_169.jpg,210,199.0,move,train,train
ThaiCharacter Dataset/round2/210/be_018tg_7_200.jpg,210,199.0,move,val,train
ThaiCharacter Dataset/round2/210/be_018tg_7_278.jpg,210,199.0,move,train,train
ThaiCharacter Dataset/round2/210/be_018tg_7_288.jpg,210,199.0,move,train,train
ThaiCharacter Dataset/round2/210/be_018tg_7_341.jpg,210,199.0,move,train,train
ThaiCharacter Dataset/round2/210/be_018tg_7_63.jpg,210,199.0,move,val,train
ThaiCharacter Dataset/round2/210/be_018tg_9_122.jpg,210,199.0,move,val,train
ThaiCharacter Dataset/round2/210/be_018tg_9_136.jpg,210,199.0,move,train,train
ThaiCharacter Dataset/round2/210/be_018tg_9_144.jpg,210,199.0,move,train,train
ThaiCharacter Dataset/round2/210/be_018tg_9_203.jpg,210,199.0,move,train,train
ThaiCharacter Dataset/round2/210/be_018tg_9_215.jpg,210,199.0,move,train,train
ThaiCharacter Dataset/round2/210/be_018tg_9_232.jpg,210,199.0,move,train,train
ThaiCharacter Dataset/round2/210/be_018tg_9_271.jpg,210,199.0,move,train,train
ThaiCharacter Dataset/round2/210/be_018tg_9_304.jpg,210,199.0,move,train,train
ThaiCharacter Dataset/round2/210/be_019sg_2_41.jpg,210,199.0,move,val,train
ThaiCharacter Dataset/round2/210/be_019sg_3_169.jpg,210,199.0,move,train,train
ThaiCharacter Dataset/round2/210/be_019sg_3_219.jpg,210,199.0,move,train,train
ThaiCharacter Dataset/round2/210/be_019sg_3_76.jpg,210,230.0,move,train,train
ThaiCharacter Dataset/round2/210/be_019sg_8_177.jpg,210,199.0,move,train,train
ThaiCharacter Dataset/round2/210/be_019sg_8_80.jpg,210,199.0,move,train,train
ThaiCharacter Dataset/round2/210/be_019tg_2_86.jpg,210,199.0,move,train,train
ThaiCharacter Dataset/round2/210/be_019tg_3_144.jpg,210,199.0,move,train,train
ThaiCharacter Dataset/round2/210/be_019tg_3_169.jpg,210,199.0,move,train,train
ThaiCharacter Dataset/round2/210/be_019tg_3_219.jpg,210,199.0,move,train,train
ThaiCharacter Dataset/round2/210/be_019tg_3_277.jpg,210,199.0,move,train,train
ThaiCharacter Dataset/round2/210/be_019tg_3_284.jpg,210,199.0,move,train,train
ThaiCharacter Dataset/round2/210/be_019tg_3_68.jpg,210,199.0,move,train,train
ThaiCharacter Dataset/round2/210/be_019tg_5_44.jpg,210,199.0,move,train,train
ThaiCharacter Dataset/round2/210/be_019tg_6_288.jpg,210,199.0,move,train,train
ThaiCharacter Dataset/round2/210/be_019tg_8_104.jpg,210,199.0,move,val,train
ThaiCharacter Dataset/round2/210/be_019tg_8_116.jpg,210,199.0,move,train,train
ThaiCharacter Dataset/round2/210/be_019tg_8_218.jpg,210,199.0,move,train,train
ThaiCharacter Dataset/round2/210/be_019tg_8_232.jpg,210,199.0,move,train,train
ThaiCharacter Dataset/round2/210/be_019tg_8_80.jpg,210,199.0,move,train,train
ThaiCharacter Dataset/round2/210/be_020sg_2_280.jpg,210,199.0,move,val,val
ThaiCharacter Dataset/round2/210/be_020sg_5_164.jpg,210,199.0,move,train,val
ThaiCharacter Dataset/round2/210/be_020sg_5_3.jpg,210,199.0,move,val,val
ThaiCharacter Dataset/round2/210/be_020tg_2_204.jpg,210,199.0,move,train,val
ThaiCharacter Dataset/round2/210/be_020tg_2_281.jpg,210,199.0,move,train,val
ThaiCharacter Dataset/round2/210/be_020tg_2_408.jpg,210,199.0,move,train,val
ThaiCharacter Dataset/round2/210/be_020tg_2_456.jpg,210,199.0,move,train,val
ThaiCharacter Dataset/round2/210/be_020tg_2_47.jpg,210,199.0,move,train,val
ThaiCharacter Dataset/round2/210/be_020tg_2_52.jpg,210,199.0,move,train,val
ThaiCharacter Dataset/round2/210/be_020tg_2_9.jpg,210,199.0,move,train,val
ThaiCharacter Dataset/round2/210/be_020tg_4_157.jpg,210,199.0,move,train,val
ThaiCharacter Dataset/round2/210/be_020tg_4_19.jpg,210,199.0,move,train,val
ThaiCharacter Dataset/round2/210/be_020tg_4_212.jpg,210,199.0,move,train,val
ThaiCharacter Dataset/round2/210/be_020tg_4_3.jpg,210,199.0,move,train,val
ThaiCharacter Dataset/round2/210/be_020tg_5_126.jpg,210,199.0,move,train,val
ThaiCharacter Dataset/round2/210/be_020tg_5_166.jpg,210,199.0,move,train,val
ThaiCharacter Dataset/round2/210/be_020tg_5_214.jpg,210,164.0,move,train,val
ThaiCharacter Dataset/round2/210/be_020tg_5_254.jpg,210,199.0,move,train,val
ThaiCharacter Dataset/round2/210/be_020tg_5_3.jpg,210,199.0,move,train,val
ThaiCharacter Dataset/round2/210/be_020tg_6_219.jpg,210,199.0,move,val,val
ThaiCharacter Dataset/round2/210/be_020tg_6_231.jpg,210,199.0,move,train,val
ThaiCharacter Dataset/round2/210/be_020tg_6_444.jpg,210,199.0,move,train,val
ThaiCharacter Dataset/round2/210/bl_001sg_3_197.jpg,210,195.0,move,train,train
ThaiCharacter Dataset/round2/210/bl_001sg_4_1.jpg,210,199.0,move,val,train
ThaiCharacter Dataset/round2/210/bl_001sg_8_474.jpg,210,199.0,move,train,train
ThaiCharacter Dataset/round2/210/bl_001sg_9_257.jpg,210,199.0,move,train,train
ThaiCharacter Dataset/round2/210/bl_001tg_1_7.jpg,210,199.0,move,train,train
ThaiCharacter Dataset/round2/210/bl_001tg_8_231.jpg,210,168.0,move,train,train
ThaiCharacter Dataset/round2/210/bl_002sg_6_1.jpg,210,199.0,move,train,train
ThaiCharacter Dataset/round2/210/bl_002tg_7_63.jpg,210,168.0,move,train,train
ThaiCharacter Dataset/round2/210/bl_003sg_3_177.jpg,210,195.0,move,train,val
ThaiCharacter Dataset/round2/210/bl_003sg_3_207.jpg,210,195.0,move,train,val
ThaiCharacter Dataset/round2/210/bl_003sg_5_119.jpg,210,168.0,move,train,val
ThaiCharacter Dataset/round2/210/bl_003sg_6_1.jpg,210,199.0,move,train,val
ThaiCharacter Dataset/round2/210/bl_003tg_5_121.jpg,210,168.0,move,train,val
ThaiCharacter Dataset/round2/210/bl_003tg_5_163.jpg,210,168.0,move,val,val
ThaiCharacter Dataset/round2/210/bl_003tg_5_89.jpg,210,199.0,move,train,val
ThaiCharacter Dataset/round2/210/bl_003tg_7_304.jpg,210,199.0,move,train,val
ThaiCharacter Dataset/round2/210/bl_004sg_4_98.jpg,210,199.0,move,train,train
ThaiCharacter Dataset/round2/210/bl_004tg_1_272.jpg,210,199.0,move,train,train
ThaiCharacter Dataset/round2/210/bl_005sg_4_14.jpg,210,199.0,move,train,train
ThaiCharacter Dataset/round2/210/bl_005sg_9_135.jpg,210,168.0,move,train,train
ThaiCharacter Dataset/round2/210/bl_005sg_9_193.jpg,210,199.0,move,train,train
ThaiCharacter Dataset/round2/210/bl_005tg_9_141.jpg,210,168.0,move,train,train
ThaiCharacter Dataset/round2/210/bl_005tg_9_295.jpg,210,168.0,move,val,train
ThaiCharacter Dataset/round2/210/bl_005tg_9_410.jpg,210,168.0,move,train,train
ThaiCharacter Dataset/round2/210/bl_006sg_8_388.jpg,210,199.0,move,train,train
ThaiCharacter Dataset/round2/210/bl_006tg_3_16.jpg,210,199.0,move,train,train
ThaiCharacter Dataset/round2/210/bl_007sg_3_4.jpg,210,168.0,move,train,train
ThaiCharacter Dataset/round2/210/bl_007sg_8_301.jpg,210,199.0,move,train,train
ThaiCharacter Dataset/round2/210/bl_007tg_8_262.jpg,210,168.0,move,train,train
ThaiCharacter Dataset/round2/210/bl_009sg_3_156.jpg,210,168.0,move,train,train
ThaiCharacter Dataset/round2/210/bl_009sg_3_38.jpg,210,168.0,move,val,train
ThaiCharacter Dataset/round2/210/bl_010sg_6_355.jpg,210,215.0,move,val,train
ThaiCharacter Dataset/round2/210/bl_011sg_4_104.jpg,210,168.0,move,val,train
ThaiCharacter Dataset/round2/210/bl_011sg_4_62.jpg,210,168.0,move,train,train
ThaiCharacter Dataset/round2/210/bl_012sg_1_2.jpg,210,195.0,move,train,train
ThaiCharacter Dataset/round2/210/bl_012sg_1_7.jpg,210,195.0,move,train,train
ThaiCharacter Dataset/round2/210/ce_001sg_2_119.jpg,210,227.0,move,train,train
ThaiCharacter Dataset/round2/213/be_020tg_6_468.jpg,213,215.0,move,val,val
ThaiCharacter Dataset/round2/215/bc_001tg_8_72.jpg,215,213.0,move,val,train
ThaiCharacter Dataset/round2/215/bc_007tg_5_160.jpg,215,213.0,move,val,train
ThaiCharacter Dataset/round2/229/be_011sg_2_439.jpg,229,199.0,move,train,train
ThaiCharacter Dataset/round2/249/be_004sg_7_303.jpg,249,233.0,move,train,train
ThaiCharacter Dataset/round2/210/bc_008sg_1_169.jpg,210,,drop,train,train
ThaiCharacter Dataset/round2/210/bc_012sg_2_255.jpg,210,,drop,train,train
ThaiCharacter Dataset/round2/210/bc_015tg_3_147.jpg,210,,drop,val,train
ThaiCharacter Dataset/round2/210/bc_015tg_3_201.jpg,210,,drop,train,train
ThaiCharacter Dataset/round2/210/bc_015tg_4_19.jpg,210,,drop,val,train
ThaiCharacter Dataset/round2/210/bc_018sg_4_440.jpg,210,,drop,val,train
ThaiCharacter Dataset/round2/210/bc_020sg_3_444.jpg,210,,drop,train,val
ThaiCharacter Dataset/round2/210/bc_020tg_3_131.jpg,210,,drop,train,val
ThaiCharacter Dataset/round2/210/bc_020tg_3_138.jpg,210,,drop,train,val
ThaiCharacter Dataset/round2/210/bc_020tg_3_150.jpg,210,,drop,train,val
ThaiCharacter Dataset/round2/210/bc_020tg_3_324.jpg,210,,drop,train,val
ThaiCharacter Dataset/round2/210/bc_020tg_3_438.jpg,210,,drop,train,val
ThaiCharacter Dataset/round2/210/bc_020tg_3_447.jpg,210,,drop,val,val
ThaiCharacter Dataset/round2/210/bc_020tg_3_84.jpg,210,,drop,train,val
ThaiCharacter Dataset/round2/210/bc_020tg_4_158.jpg,210,,drop,train,val
ThaiCharacter Dataset/round2/210/bc_020tg_4_24.jpg,210,,drop,train,val
ThaiCharacter Dataset/round2/210/bc_020tg_4_414.jpg,210,,drop,train,val
ThaiCharacter Dataset/round2/210/be_001sg_2_109.jpg,210,,drop,val,train
ThaiCharacter Dataset/round2/210/be_001sg_2_131.jpg,210,,drop,train,train
ThaiCharacter Dataset/round2/210/be_001sg_2_141.jpg,210,,drop,val,train
ThaiCharacter Dataset/round2/210/be_001sg_2_182.jpg,210,,drop,train,train
ThaiCharacter Dataset/round2/210/be_001sg_2_199.jpg,210,,drop,train,train
ThaiCharacter Dataset/round2/210/be_001sg_2_261.jpg,210,,drop,train,train
ThaiCharacter Dataset/round2/210/be_001sg_2_343.jpg,210,,drop,train,train
ThaiCharacter Dataset/round2/210/be_001sg_2_59.jpg,210,,drop,val,train
ThaiCharacter Dataset/round2/210/be_001sg_2_83.jpg,210,,drop,val,train
ThaiCharacter Dataset/round2/210/be_001sg_4_20.jpg,210,,drop,train,train
ThaiCharacter Dataset/round2/210/be_001sg_5_150.jpg,210,,drop,train,train
ThaiCharacter Dataset/round2/210/be_001sg_5_183.jpg,210,,drop,train,train
ThaiCharacter Dataset/round2/210/be_001sg_5_199.jpg,210,,drop,train,train
ThaiCharacter Dataset/round2/210/be_001sg_5_262.jpg,210,,drop,train,train
ThaiCharacter Dataset/round2/210/be_001sg_5_66.jpg,210,,drop,train,train
ThaiCharacter Dataset/round2/210/be_001tg_2_109.jpg,210,,drop,train,train
ThaiCharacter Dataset/round2/210/be_001tg_2_141.jpg,210,,drop,train,train
ThaiCharacter Dataset/round2/210/be_001tg_2_182.jpg,210,,drop,train,train
ThaiCharacter Dataset/round2/210/be_001tg_2_199.jpg,210,,drop,train,train
ThaiCharacter Dataset/round2/210/be_001tg_2_259.jpg,210,,drop,train,train
ThaiCharacter Dataset/round2/210/be_001tg_2_341.jpg,210,,drop,train,train
ThaiCharacter Dataset/round2/210/be_001tg_2_59.jpg,210,,drop,train,train
ThaiCharacter Dataset/round2/210/be_001tg_2_72.jpg,210,,drop,val,train
ThaiCharacter Dataset/round2/210/be_001tg_2_83.jpg,210,,drop,train,train
ThaiCharacter Dataset/round2/210/be_001tg_4_2.jpg,210,,drop,val,train
ThaiCharacter Dataset/round2/210/be_001tg_4_20.jpg,210,,drop,train,train
ThaiCharacter Dataset/round2/210/be_001tg_5_132.jpg,210,,drop,train,train
ThaiCharacter Dataset/round2/210/be_001tg_5_150.jpg,210,,drop,train,train
ThaiCharacter Dataset/round2/210/be_001tg_5_186.jpg,210,,drop,train,train
ThaiCharacter Dataset/round2/210/be_001tg_5_203.jpg,210,,drop,train,train
ThaiCharacter Dataset/round2/210/be_001tg_5_269.jpg,210,,drop,train,train
ThaiCharacter Dataset/round2/210/be_001tg_5_56.jpg,210,,drop,train,train
ThaiCharacter Dataset/round2/210/be_001tg_5_67.jpg,210,,drop,train,train
ThaiCharacter Dataset/round2/210/be_001tg_5_72.jpg,210,,drop,train,train
ThaiCharacter Dataset/round2/210/be_002sg_5_89.jpg,210,,drop,train,train
ThaiCharacter Dataset/round2/210/be_002tg_10_176.jpg,210,,drop,train,train
ThaiCharacter Dataset/round2/210/be_002tg_4_34.jpg,210,,drop,train,train
ThaiCharacter Dataset/round2/210/be_002tg_6_0.jpg,210,,drop,train,train
ThaiCharacter Dataset/round2/210/be_002tg_6_163.jpg,210,,drop,train,train
ThaiCharacter Dataset/round2/210/be_002tg_7_105.jpg,210,,drop,train,train
ThaiCharacter Dataset/round2/210/be_002tg_7_113.jpg,210,,drop,train,train
ThaiCharacter Dataset/round2/210/be_002tg_7_170.jpg,210,,drop,train,train
ThaiCharacter Dataset/round2/210/be_002tg_7_200.jpg,210,,drop,train,train
ThaiCharacter Dataset/round2/210/be_002tg_7_353.jpg,210,,drop,train,train
ThaiCharacter Dataset/round2/210/be_002tg_9_225.jpg,210,,drop,train,train
ThaiCharacter Dataset/round2/210/be_002tg_9_44.jpg,210,,drop,train,train
ThaiCharacter Dataset/round2/210/be_002tg_9_465.jpg,210,,drop,train,train
ThaiCharacter Dataset/round2/210/be_006tg_4_70.jpg,210,,drop,train,train
ThaiCharacter Dataset/round2/210/be_007sg_4_249.jpg,210,,drop,train,train
ThaiCharacter Dataset/round2/210/be_007sg_7_288.jpg,210,,drop,train,train
ThaiCharacter Dataset/round2/210/be_007tg_4_250.jpg,210,,drop,train,train
ThaiCharacter Dataset/round2/210/be_008sg_4_175.jpg,210,,drop,val,train
ThaiCharacter Dataset/round2/210/be_008tg_4_176.jpg,210,,drop,val,train
ThaiCharacter Dataset/round2/210/be_008tg_6_122.jpg,210,,drop,train,train
ThaiCharacter Dataset/round2/210/be_008tg_6_15.jpg,210,,drop,val,train
ThaiCharacter Dataset/round2/210/be_008tg_6_20.jpg,210,,drop,train,train
ThaiCharacter Dataset/round2/210/be_008tg_6_31.jpg,210,,drop,train,train
ThaiCharacter Dataset/round2/210/be_008tg_6_4.jpg,210,,drop,val,train
ThaiCharacter Dataset/round2/210/be_008tg_6_42.jpg,210,,drop,train,train
ThaiCharacter Dataset/round2/210/be_008tg_6_459.jpg,210,,drop,train,train
ThaiCharacter Dataset/round2/210/be_008tg_6_58.jpg,210,,drop,train,train
ThaiCharacter Dataset/round2/210/be_008tg_6_69.jpg,210,,drop,train,train
ThaiCharacter Dataset/round2/210/be_008tg_6_72.jpg,210,,drop,train,train
ThaiCharacter Dataset/round2/210/be_008tg_6_76.jpg,210,,drop,train,train
ThaiCharacter Dataset/round2/210/be_008tg_6_82.jpg,210,,drop,val,train
ThaiCharacter Dataset/round2/210/be_008tg_6_85.jpg,210,,drop,val,train
ThaiCharacter Dataset/round2/210/be_008tg_6_90.jpg,210,,drop,train,train
ThaiCharacter Dataset/round2/210/be_009sg_4_156.jpg,210,,drop,val,train
ThaiCharacter Dataset/round2/210/be_009sg_4_323.jpg,210,,drop,train,train
ThaiCharacter Dataset/round2/210/be_009sg_4_404.jpg,210,,drop,train,train
ThaiCharacter Dataset/round2/210/be_009tg_2_157.jpg,210,,drop,train,train
ThaiCharacter Dataset/round2/210/be_011sg_2_329.jpg,210,,drop,train,train
ThaiCharacter Dataset/round2/210/be_011tg_1_323.jpg,210,,drop,train,train
ThaiCharacter Dataset/round2/210/be_011tg_2_108.jpg,210,,drop,train,train
ThaiCharacter Dataset/round2/210/be_011tg_2_153.jpg,210,,drop,val,train
ThaiCharacter Dataset/round2/210/be_011tg_2_3.jpg,210,,drop,train,train
ThaiCharacter Dataset/round2/210/be_011tg_2_45.jpg,210,,drop,val,train
ThaiCharacter Dataset/round2/210/be_012sg_4_424.jpg,210,,drop,train,train
ThaiCharacter Dataset/round2/210/be_013sg_1_3.jpg,210,,drop,train,train
ThaiCharacter Dataset/round2/210/be_013sg_1_433.jpg,210,,drop,train,train
ThaiCharacter Dataset/round2/210/be_013sg_6_291.jpg,210,,drop,val,train
ThaiCharacter Dataset/round2/210/be_013tg_1_437.jpg,210,,drop,train,train
ThaiCharacter Dataset/round2/210/be_014sg_2_305.jpg,210,,drop,train,val
ThaiCharacter Dataset/round2/210/be_014sg_2_420.jpg,210,,drop,train,val
ThaiCharacter Dataset/round2/210/be_014sg_4_240.jpg,210,,drop,val,val
ThaiCharacter Dataset/round2/210/be_014tg_2_304.jpg,210,,drop,train,val
ThaiCharacter Dataset/round2/210/be_014tg_3_46.jpg,210,,drop,train,val
ThaiCharacter Dataset/round2/210/be_016sg_8_140.jpg,210,,drop,train,val
ThaiCharacter Dataset/round2/210/be_016sg_8_234.jpg,210,,drop,train,val
ThaiCharacter Dataset/round2/210/be_016tg_8_235.jpg,210,,drop,train,val
ThaiCharacter Dataset/round2/210/be_017sg_7_485.jpg,210,,drop,val,train
ThaiCharacter Dataset/round2/210/be_018sg_3_382.jpg,210,,drop,val,train
ThaiCharacter Dataset/round2/210/be_018sg_5_40.jpg,210,,drop,train,train
ThaiCharacter Dataset/round2/210/be_018sg_6_270.jpg,210,,drop,val,train
ThaiCharacter Dataset/round2/210/be_018sg_6_279.jpg,210,,drop,train,train
ThaiCharacter Dataset/round2/210/be_018sg_6_281.jpg,210,,drop,val,train
ThaiCharacter Dataset/round2/210/be_018sg_7_107.jpg,210,,drop,train,train
ThaiCharacter Dataset/round2/210/be_018sg_7_146.jpg,210,,drop,train,train
ThaiCharacter Dataset/round2/210/be_018sg_7_278.jpg,210,,drop,train,train
ThaiCharacter Dataset/round2/210/be_018sg_7_301.jpg,210,,drop,train,train
ThaiCharacter Dataset/round2/210/be_018sg_7_313.jpg,210,,drop,train,train
ThaiCharacter Dataset/round2/210/be_018sg_7_91.jpg,210,,drop,train,train
ThaiCharacter Dataset/round2/210/be_018sg_9_160.jpg,210,,drop,train,train
ThaiCharacter Dataset/round2/210/be_018sg_9_23.jpg,210,,drop,train,train
ThaiCharacter Dataset/round2/210/be_018sg_9_239.jpg,210,,drop,val,train
ThaiCharacter Dataset/round2/210/be_018tg_6_282.jpg,210,,drop,train,train
ThaiCharacter Dataset/round2/210/be_018tg_6_395.jpg,210,,drop,train,train
ThaiCharacter Dataset/round2/210/be_019sg_3_7.jpg,210,,drop,train,train
ThaiCharacter Dataset/round2/210/be_019sg_3_87.jpg,210,,drop,train,train
ThaiCharacter Dataset/round2/210/be_019sg_5_182.jpg,210,,drop,train,train
ThaiCharacter Dataset/round2/210/be_019sg_5_212.jpg,210,,drop,train,train
ThaiCharacter Dataset/round2/210/be_019sg_5_24.jpg,210,,drop,train,train
ThaiCharacter Dataset/round2/210/be_019sg_5_62.jpg,210,,drop,train,train
ThaiCharacter Dataset/round2/210/be_019sg_6_0.jpg,210,,drop,train,train
ThaiCharacter Dataset/round2/210/be_019sg_6_167.jpg,210,,drop,val,train
ThaiCharacter Dataset/round2/210/be_019sg_6_67.jpg,210,,drop,train,train
ThaiCharacter Dataset/round2/210/be_019sg_7_3.jpg,210,,drop,train,train
ThaiCharacter Dataset/round2/210/be_019sg_8_160.jpg,210,,drop,train,train
ThaiCharacter Dataset/round2/210/be_019sg_8_59.jpg,210,,drop,train,train
ThaiCharacter Dataset/round2/210/be_019tg_8_59.jpg,210,,drop,train,train
ThaiCharacter Dataset/round2/210/be_020sg_2_306.jpg,210,,drop,train,val
ThaiCharacter Dataset/round2/210/be_020sg_2_360.jpg,210,,drop,val,val
ThaiCharacter Dataset/round2/210/be_020sg_2_377.jpg,210,,drop,train,val
ThaiCharacter Dataset/round2/210/be_020sg_2_429.jpg,210,,drop,train,val
ThaiCharacter Dataset/round2/210/be_020sg_2_467.jpg,210,,drop,val,val
ThaiCharacter Dataset/round2/210/be_020sg_4_186.jpg,210,,drop,val,val
ThaiCharacter Dataset/round2/210/be_020sg_5_136.jpg,210,,drop,val,val
ThaiCharacter Dataset/round2/210/be_020sg_5_213.jpg,210,,drop,train,val
ThaiCharacter Dataset/round2/210/be_020sg_6_112.jpg,210,,drop,train,val
ThaiCharacter Dataset/round2/210/be_020sg_6_241.jpg,210,,drop,train,val
ThaiCharacter Dataset/round2/210/be_020sg_6_349.jpg,210,,drop,train,val
ThaiCharacter Dataset/round2/210/be_020sg_6_47.jpg,210,,drop,val,val
ThaiCharacter Dataset/round2/210/be_020sg_6_49.jpg,210,,drop,train,val
ThaiCharacter Dataset/round2/210/bl_001sg_8_212.jpg,210,,drop,train,train
ThaiCharacter Dataset/round2/210/bl_001sg_8_274.jpg,210,,drop,train,train
ThaiCharacter Dataset/round2/210/bl_001sg_8_473.jpg,210,,drop,train,train
ThaiCharacter Dataset/round2/210/bl_001sg_9_10.jpg,210,,drop,train,train
ThaiCharacter Dataset/round2/210/bl_001tg_8_478.jpg,210,,drop,train,train
ThaiCharacter Dataset/round2/210/bl_002sg_10_241.jpg,210,,drop,val,train
ThaiCharacter Dataset/round2/210/bl_002sg_10_319.jpg,210,,drop,train,train
ThaiCharacter Dataset/round2/210/bl_002tg_7_29.jpg,210,,drop,train,train
ThaiCharacter Dataset/round2/210/bl_003sg_5_103.jpg,210,,drop,train,val
ThaiCharacter Dataset/round2/210/bl_003sg_7_144.jpg,210,,drop,val,val
ThaiCharacter Dataset/round2/210/bl_003sg_7_450.jpg,210,,drop,train,val
ThaiCharacter Dataset/round2/210/bl_003tg_7_229.jpg,210,,drop,train,val
ThaiCharacter Dataset/round2/210/bl_005sg_9_338.jpg,210,,drop,train,train
ThaiCharacter Dataset/round2/210/bl_006sg_3_146.jpg,210,,drop,val,train
ThaiCharacter Dataset/round2/210/bl_006sg_3_147.jpg,210,,drop,train,train
ThaiCharacter Dataset/round2/210/bl_007sg_3_158.jpg,210,,drop,train,train
ThaiCharacter Dataset/round2/210/bl_007sg_8_390.jpg,210,,drop,train,train
ThaiCharacter Dataset/round2/210/bl_007sg_8_438.jpg,210,,drop,train,train
ThaiCharacter Dataset/round2/210/bl_007sg_8_66.jpg,210,,drop,train,train
ThaiCharacter Dataset/round2/210/bl_007tg_8_292.jpg,210,,drop,train,train
ThaiCharacter Dataset/round2/210/bl_007tg_8_63.jpg,210,,drop,val,train
ThaiCharacter Dataset/round2/210/bl_008sg_3_317.jpg,210,,drop,train,train
ThaiCharacter Dataset/round2/210/bl_011sg_4_413.jpg,210,,drop,train,train
ThaiCharacter Dataset/round2/210/bl_011tg_4_319.jpg,210,,drop,train,train
ThaiCharacter Dataset/round2/229/be_011tg_2_13.jpg,229,,drop,train,train
